Ref,Val,Package,PosX,PosY,Rot,Side
"D1","D","D_1206_3216Metric",-71.000000,-74.000000,90.000000,bottom
"D2","D","D_1206_3216Metric",-71.000000,-91.000000,90.000000,bottom
"D3","D","D_1206_3216Metric",-71.000000,-108.000000,90.000000,bottom
"D4","D","D_1206_3216Metric",-53.000000,-74.000000,90.000000,bottom
"D5","D","D_1206_3216Metric",-53.000000,-91.000000,90.000000,bottom
"D6","D","D_1206_3216Metric",-53.000000,-108.000000,90.000000,bottom
"D7","D","D_1206_3216Metric",-35.000000,-74.000000,90.000000,bottom
"D8","D","D_1206_3216Metric",-35.000000,-91.000000,90.000000,bottom
"D9","D","D_1206_3216Metric",-35.000000,-108.000000,90.000000,bottom
"D10","D","D_1206_3216Metric",-17.000000,-74.000000,90.000000,bottom
"D11","D","D_1206_3216Metric",-17.000000,-91.000000,90.000000,bottom
"D12","D","D_1206_3216Metric",-17.000000,-108.000000,90.000000,bottom
"D13","D","D_1206_3216Metric",1.000000,-74.000000,90.000000,bottom
"D14","D","D_1206_3216Metric",1.000000,-91.000000,90.000000,bottom
"D15","D","D_1206_3216Metric",1.000000,-108.000000,90.000000,bottom
"D16","D","D_1206_3216Metric",19.000000,-108.000000,90.000000,bottom
"D17","D","D_1206_3216Metric",19.000000,-91.000000,90.000000,bottom
"D18","D","D_1206_3216Metric",19.000000,-74.000000,90.000000,bottom
"D19","D","D_1206_3216Metric",-17.000000,-125.000000,90.000000,bottom
"D20","D","D_1206_3216Metric",1.000000,-125.000000,90.000000,bottom
"D21","D","D_1206_3216Metric",19.000000,-125.000000,90.000000,bottom
"D22","D","D_1206_3216Metric",146.810000,-90.850000,90.000000,bottom
"D23","D","D_1206_3216Metric",146.660000,-107.950000,90.000000,bottom
"D24","D","D_1206_3216Metric",146.560000,-73.950000,90.000000,bottom
"D25","D","D_1206_3216Metric",128.660000,-107.850000,90.000000,bottom
"D26","D","D_1206_3216Metric",128.560000,-73.950000,90.000000,bottom
"D27","D","D_1206_3216Metric",128.860000,-90.950000,90.000000,bottom
"D28","D","D_1206_3216Metric",110.760000,-73.950000,90.000000,bottom
"D29","D","D_1206_3216Metric",110.960000,-91.050000,90.000000,bottom
"D30","D","D_1206_3216Metric",110.660000,-108.050000,90.000000,bottom
"D31","D","D_1206_3216Metric",92.660000,-91.050000,90.000000,bottom
"D32","D","D_1206_3216Metric",92.760000,-108.050000,90.000000,bottom
"D33","D","D_1206_3216Metric",92.760000,-74.050000,90.000000,bottom
"D34","D","D_1206_3216Metric",74.660000,-107.950000,90.000000,bottom
"D35","D","D_1206_3216Metric",74.660000,-90.950000,90.000000,bottom
"D36","D","D_1206_3216Metric",74.560000,-74.050000,90.000000,bottom
"D37","D","D_1206_3216Metric",56.660000,-91.050000,90.000000,bottom
"D38","D","D_1206_3216Metric",56.760000,-107.950000,90.000000,bottom
"D39","D","D_1206_3216Metric",56.660000,-73.950000,90.000000,bottom
"D40","D","D_1206_3216Metric",56.660000,-125.050000,90.000000,bottom
"D41","D","D_1206_3216Metric",74.760000,-125.050000,90.000000,bottom
"D42","D","D_1206_3216Metric",92.660000,-125.150000,90.000000,bottom
"J1","Conn_01x01_Pin","MF_Connectors-POGO_PIN_70-9150",40.710000,-90.480000,0.000000,top
"J2","Conn_01x05_Pin","nice_view",-85.650000,-87.540000,0.000000,top
"J3","Conn_01x05_Pin","Joycon_edited_5pin",151.050000,-161.950000,180.000000,top
"J4","Conn_01x05_Pin","nice_view",170.600000,-87.540000,0.000000,top
"J5","Conn_01x05_Pin","Joycon_edited_5pin",-34.900000,-160.850000,180.000000,top
"J6","Conn_01x01_Socket","MF_Connectors-POGO_PIN_70-9150",40.710000,-99.280000,0.000000,top
"J7","Conn_01x05_Pin","PinHeader_1x05_P2.54mm_Vertical",142.425000,-161.550000,-90.000000,top
"J8","Conn_01x01_Pin","MF_Connectors-POGO_PIN_70-9150",40.710000,-92.680000,0.000000,top
"J9","Conn_01x01_Pin","MF_Connectors-POGO_PIN_70-9150",40.710000,-94.880000,0.000000,top
"J10","Conn_01x01_Pin","MF_Connectors-POGO_PIN_70-9150",40.710000,-97.080000,0.000000,top
"J11","Conn_01x01_Pin","MF_Connectors-POGO_PIN_70-9150",45.000000,-88.240000,0.000000,top
"J12","Conn_01x01_Pin","MF_Connectors-POGO_PIN_70-9150",40.710000,-88.280000,0.000000,top
"J13","Conn_01x01_Socket","MF_Connectors-POGO_PIN_70-9150",45.000000,-90.440000,0.000000,top
"J14","Conn_01x01_Socket","MF_Connectors-POGO_PIN_70-9150",45.000000,-92.640000,0.000000,top
"J15","Conn_01x01_Socket","MF_Connectors-POGO_PIN_70-9150",45.000000,-94.840000,0.000000,top
"J16","Conn_01x01_Socket","MF_Connectors-POGO_PIN_70-9150",45.000000,-97.040000,0.000000,top
"J17","Conn_01x01_Socket","MF_Connectors-POGO_PIN_70-9150",45.000000,-99.240000,0.000000,top
"J18","Conn_01x05_Pin","PinHeader_1x05_P2.54mm_Vertical",-44.580000,-160.550000,-90.000000,top
"J19","Conn_01x05_Pin","PinHeader_1x05_P2.54mm_Vertical",-79.510000,-163.550000,-90.000000,top
"J20","Conn_01x05_Pin","PinHeader_1x05_P2.54mm_Vertical",-80.090000,-109.920000,-90.000000,top
"J21","Conn_01x05_Pin","PinHeader_1x05_P2.54mm_Vertical",-80.060000,-113.600000,-90.000000,top
"J22","Conn_01x05_Pin","PinHeader_1x05_P2.54mm_Vertical",175.525000,-111.950000,-90.000000,top
"SW1","SW_Push","Kailh_socket_MX",-48.000000,-70.040000,0.000000,top
"SW2","SW_Push","Kailh_socket_MX",-66.000000,-70.000000,0.000000,top
"SW3","SW_Push","Kailh_socket_MX",-30.000000,-70.000000,0.000000,top
"SW4","SW_Push","Kailh_socket_MX",-66.000000,-87.000000,0.000000,top
"SW5","SW_Push","Kailh_socket_MX",-48.000000,-87.040000,0.000000,top
"SW6","SW_Push","Kailh_socket_MX",-30.000000,-87.000000,0.000000,top
"SW7","SW_Push","Kailh_socket_MX",-66.000000,-104.000000,0.000000,top
"SW8","SW_Push","Kailh_socket_MX",-48.000000,-104.040000,0.000000,top
"SW9","SW_Push","Kailh_socket_MX",-30.000000,-104.000000,0.000000,top
"SW10","SW_Push","Kailh_socket_MX",-12.000000,-70.000000,0.000000,top
"SW11","SW_Push","Kailh_socket_MX",6.000000,-70.000000,0.000000,top
"SW12","SW_Push","Kailh_socket_MX",24.000000,-70.000000,0.000000,top
"SW13","SW_Push","Kailh_socket_MX",-12.000000,-87.000000,0.000000,top
"SW14","SW_Push","Kailh_socket_MX",6.000000,-87.000000,0.000000,top
"SW15","SW_Push","Kailh_socket_MX",24.000000,-87.000000,0.000000,top
"SW16","SW_Push","Kailh_socket_MX",-12.000000,-104.000000,0.000000,top
"SW17","SW_Push","Kailh_socket_MX",6.000000,-104.000000,0.000000,top
"SW18","SW_Push","Kailh_socket_MX",24.000000,-104.000000,0.000000,top
"SW19","SW_Push","Kailh_socket_MX",-12.000000,-121.000000,0.000000,top
"SW20","SW_Push","Kailh_socket_MX",6.000000,-121.000000,0.000000,top
"SW21","SW_Push","Kailh_socket_MX",24.000000,-121.000000,0.000000,top
"SW22","SW_Push","Kailh_socket_MX",151.760000,-103.950000,0.000000,top
"SW23","SW_Push","Kailh_socket_MX",151.760000,-86.950000,0.000000,top
"SW24","SW_Push","Kailh_socket_MX",151.760000,-69.950000,0.000000,top
"SW25","SW_Push","Kailh_socket_MX",133.760000,-103.950000,0.000000,top
"SW26","SW_Push","Kailh_socket_MX",133.760000,-86.950000,0.000000,top
"SW27","SW_Push","Kailh_socket_MX",133.760000,-69.950000,0.000000,top
"SW28","SW_Push","Kailh_socket_MX",115.760000,-103.950000,0.000000,top
"SW29","SW_Push","Kailh_socket_MX",115.760000,-86.950000,0.000000,top
"SW30","SW_Push","Kailh_socket_MX",115.760000,-69.950000,0.000000,top
"SW31","SW_Push","Kailh_socket_MX",97.760000,-103.950000,0.000000,top
"SW32","SW_Push","Kailh_socket_MX",97.760000,-86.950000,0.000000,top
"SW33","SW_Push","Kailh_socket_MX",97.760000,-69.950000,0.000000,top
"SW34","SW_Push","Kailh_socket_MX",79.760000,-103.950000,0.000000,top
"SW35","SW_Push","Kailh_socket_MX",79.760000,-86.950000,0.000000,top
"SW36","SW_Push","Kailh_socket_MX",79.760000,-69.950000,0.000000,top
"SW37","SW_Push","Kailh_socket_MX",61.760000,-103.950000,0.000000,top
"SW38","SW_Push","Kailh_socket_MX",61.760000,-86.950000,0.000000,top
"SW39","SW_Push","Kailh_socket_MX",61.760000,-69.950000,0.000000,top
"SW40","SW_Push","Kailh_socket_MX",61.760000,-120.950000,0.000000,top
"SW41","SW_Push","Kailh_socket_MX",79.760000,-120.950000,0.000000,top
"SW42","SW_Push","Kailh_socket_MX",97.760000,-120.950000,0.000000,top
"U1","nice_nano","nice_nano",-85.650000,-86.050000,-90.000000,top
"U2","nice_nano","nice_nano",170.600000,-86.036750,-90.000000,top
"U3","nice_nano","nice_nano",-84.450000,-144.786750,-90.000000,top
